dTrue	dFalse	qualité_test	qualité_train
0.4929328	0.49813858	0.372444	
0.5313032	0.5093185	0.3770613	
